{"x":0.11035159975290298,"y":0.18552696704864502}