{"x":0.021484365686774254,"y":0.1895424872636795}